NHS_ODS,site.type
7A1A1,Acute
7A1A4,Acute
7A1A7,Community
7A1AB,Community
7A1AD,Community
7A1AF,Community
7A1AU,Acute
7A1AV,Acute
7A1AX,Community
7A1CA,Community
7A1CC,Community
7A1DC,Community
7A1DG,Community
7A2AA,Acute
7A3YA,Acute
7A4BV,Acute
7A4H1,Acute
7A5B1,Acute
7A5B3,Acute
7A5CA,Community
7A5HA,Community
7AH41,Acute
7AIAU,Acute
783YA,Acute
1452,NA
4152,NA
11049,Acute
11409,Acute
7A6AR,Acute
7A6AM,Acute
7A6ML,Acute
RAL79,Acute
14151,NA
14152,NA
R0A66,Acute
A74BV,Acute
A111H,Acute
A210H,Acute
AAAAA,NA
aRVR05,Acute
B120H,Acute
C106H,Community
C121H,Acute
C122H,Acute
CBS25,Acute
D102H,Acute
DEA01,Community
F701H,Acute
F704H,Acute
F708H,Acute
F716H,Acute
F805H,Community
G405H,Acute
GN405,Acute
H103H,Acute
H201H,Community
H202H,Acute
IR1RA,Acute
L106H,Acute
L302H,Acute
L308H,Acute
N100H,Acute
N101H,Acute
NR501,Community
R0A01,Acute
R0A02,Acute
R0A03,Acute
R0A07,Acute
R0A09,Acute
R0B0Q,Community
R0B01,Acute
R1A0C,Community
R1C03,Community
R1CD4,Community
R1F01,Acute
R1H12,Acute
R1K01,Acute
R1K02,Acute
R1K03,Acute
R1K04,Acute
R1Z01,Acute
RA009,Acute
RA7C2,Acute
RA201,Acute
RA430,Acute
RA701,Acute
RA707,Community
RA723,Acute
RA901,Acute
RAE01,Acute
RAJ01,Acute
RAJO1,Acute
RAL01,Acute
RAL26,Acute
RAPNM,Acute
RAS01,Acute
RAT01,Acute
RAX01,Acute
RBA11,Acute
RBD01,Acute
RBK02,Acute
RBL14,Acute
RBLI4,Acute
RBN01,Acute
RBQHQ,Acute
RBT20,Acute
RBV01,Acute
RBZ12,Acute
RC112,Acute
RC971,Acute
RCB55,Acute
RCBCA,Acute
RCD01,Acute
RCF22,Acute
RCUEF,Acute
RCX01,Acute
RCX70,Acute
RD130,Acute
RD300,Acute
RD816,Acute
RDC01,Acute
RDDH0,Acute
RDE03,Acute
RDEE4,Acute
RDR05,Community
RDU01,Acute
RDU50,Acute
RDU91,Acute
RDY22,Community
RDYEF,Community
RDYEJ,Community
RDYER,Community
RDYEY,Community
RDYFE,Community
RDZ20,Acute
REF12,Acute
RJE01,Acute
REM20,Acute
REM21,Acute
REMRO,Acute
REMRQ,Acute
REN20,Acute
REP01,Acute
REWAA,Acute
RF4FH,Community
RF4QH,Acute
RFFAA,Acute
RFRPA,Acute
RFSDA,Acute
RGD05,Mental
RGDAB,Mental
RGDBL,Mental
RGM21,Acute
RGN80,Acute
RGN90,Acute
RGP75,Acute
RGR50,Acute
RGT01,Acute
RH801,Acute
RHAPA,Mental
RHM01,Acute
RHMO1,Acute
RHQHH,Acute
RHQNG,Acute
RHU03,Acute
RHW01,Acute
RIDHQ,Community
RIK04,Acute
RJ122,Acute
RJ224,Acute
RJ231,Acute
RJ611,Acute
RJ701,Acute
RJ827,Community
RJC02,Acute
RJE09,Acute
RJL30,Acute
RJL32,Acute
RJN71,Acute
RJR05,Acute
RJZ01,Acute
RK5BC,Acute
RK950,Acute
RKB01,Acute
RKEQ4,Acute
RL4O3,Acute
RL131,Acute
RL403,Acute
RLB14,Acute
RLQ01,Acute
RLR01,Acute
RJC1I,Acute
RLT01,Acute
RLY88,Community
RM102,Acute
RM301,Acute
RMC01,Acute
RMP01,Acute
RMQ91,Acute
RMY01,Community
RN325,Acute
RN506,Acute
RN541,Acute
RN707,Acute
RNA01,Acute
RNG90,Acute
RNN62,Acute
RNNBD,Community
RNNBE,Community
RNNBX,Acute
RNNCK,Community
RNNCB,Community
RNNCL,Community
RNQ51,Acute
RNS01,Acute
RNSO1,Acute
RXN02,Acute
RNX02,Acute
RNZ02,Acute
ROA02,Acute
ROA07,Acute
RP5BA,Acute
RP5DR,Acute
RP7SG,Community
RP401,Acute
RPA02,Acute
RPY01,Acute
RPY02,Acute
RQ8L0,Acute
RQ301,Acute
RQM01,Acute
RQQG0,Acute
RQWG0,Acute
RQWGO,Acute
RQXM1,Acute
RR7EN,Acute
RR801,Acute
RR813,Acute
RRADT,Community
RRE11,Mental
RRF02,Acute
RRJ05,Community
RRK01,Acute
RRK02,Acute
RRK15,Acute
RRK03,Acute
RRL02,Acute
RRL14,Acute
RRO02,Acute
RRRR1,NA
RT5KP,Community
RT113,Community
RT301,Acute
RT302,Acute
RTD02,Acute
RTDO2,Acute
RTE03,Acute
RTE01,Acute
RTEO3,Acute
RTF86,Acute
RTFED,Acute
RTFFS,Acute
RTG02,Acute
RTH08,Acute
RTK01,Acute
RTL01,Acute
RTP04,Acute
RTQ01,Community
RTQ02,Community
RTQ04,Community
RTQ21,Community
RTQ85,Community
RTQ87,Community
RTRAT,Acute
RTRTA,Acute
RTV33,Community
RTX02,Acute
RTXBU,Acute
RTXBW,Acute
RPC17,Acute
RV901,Community
RVJ01,Acute
RVN3Q,Mental
RVR05,Acute
RVT33,Community
RVV00,Acute
RVV01,Acute
RVV09,Acute
RVVKC,Acute
RVVO9,Acute
RVWAE,Acute
RVY01,Acute
RW5JJ,Community
RW154,Community
RW404,Mental
RW601,Acute
RW602,Acute
RW603,Acute
RWA01,Acute
RWA16,Acute
RWDDA,Acute
RWDLA,Acute
RWDLP,Acute
RWEAA,Acute
RWF03,Acute
RWFTW,Acute
RWG02,Acute
RWH01,Acute
RWHHH,Acute
RWJ09,Acute
RWP50,Acute
RWQG0,Acute
RWR99,Mental
RWV62,Community
RWWAA,Acute
RWWWH,Acute
RWY01,Acute
RWy01,Acute
RX1CC,Acute
RX1RA,Acute
RX1RX,Acute
RX4E4,Mental
RX301,Acute
RXADT,Community
RXA19,Mental
RXADY,Community
RXC01,Acute
RXC02,Acute
RXC70,Acute
RXCO2,Acute
RXE07,Community
RXE92,Community
RXEAA,Community
RXF05,Acute
RXG10,Mental
RXH01,Acute
RXH09,Acute
RXICC,Acute
RXIRA,Acute
RXK01,Acute
RXK02,Acute
RXL01,Acute
RXLO1,Acute
RXNO2,Acute
RXPCP,Acute
RXPDA,Acute
RXQ02,Acute
RXQ50,Community
RXR20,Acute
RXRXA,Acute
RXTC1,Community
RXWAS,Acute
RXX10,Community
RXY6J,Community
RY5HQ,Community
RY312,Community
RY651,Community
RY901,Community
RYGHQ,Community
RYG51,Mental
RYJ01,Acute
RYJ02,Acute
RYJ03,Acute
RYJO1,Acute
RYP01,Acute
RYR10,Community
RYR16,Acute
RYR18,Acute
RYW23,Community
S116H,Acute
S134H,Acute
S214H,Acute
S225H,Acute
S308H,Acute
S313H,Acute
S314H,Acute
S341H,Acute
SL116,Acute
T101H,Acute
TAD17,Mental
TAHCC,Community
TAHFC,Acute
TAHXM,Community
TAHXN,Community
TAHXP,Community
TAJ01,Acute
TAJ52,Mental
TWEAA,Acute
V217H,Acute
VLXF4,Community
WB2AJ,Acute
WB3AL,Acute
WF1BL,Acute
Y146H,Acute
ZT003,NA
